Métrica,Média,Desvio_Padrão,Mínimo,Máximo
BERTScore Precision,0.9222534778071385,0.04695015225289637,0.8177434802055359,1.0
BERTScore Recall,0.9509160822513056,0.03233254373460475,0.8754040002822876,1.0
BERTScore F1,0.9362311398281771,0.039123644707386135,0.8455919027328491,1.0
SBERT Similarity,0.952214241027832,0.059081509709358215,0.6743953824043274,1.0
